name,corners,hue
Apple,13,3.23495
Apple,3,0.0869421
Apple,4,0.114971
Apple,9,4.16002
Apple,9,5.36498
Banana,13,19.5778
Banana,3,10.6112
Banana,14,8.73607
Banana,24,10.2279
Banana,38,10.9817
Grape,27,65.2837
Grape,27,39.1913
Grape,66,44.244
Grape,37,63.6597
Grape,24,25.5372